<?xml version="1.0" encoding="UTF-8"?>
<window>
    <controls>
        <control type="group">
            <control type="group">
                <control type="image">
                    <left>0</left>
                    <top>0</top>
                    <width>1920</width>
                    <height>1080</height>
                    <texture>common/black.png</texture>
                </control>
                <control type="image">
                    <texture>$INFO[Window.Property(fanart)]</texture>
                    <animation effect="fade" start="100" end="20">WindowOpen</animation>
                </control>
                <control type="image">
                    <animation effect="fade" start="0" end="100" time="200">WindowOpen</animation>
                    <left>5</left>
                    <top>5</top>
                    <width>60</width>
                    <height>60</height>
                    <aspectratio aligny="top">keep</aspectratio>
                    <texture>common/fen.png</texture>
                </control>
            </control>
            <control type="group">
                <control type="group">
                    <animation type="WindowOpen" reversible="false">
                        <effect type="fade" start="0" end="100" time="200" tween="sine" easing="in" />
                        <effect type="slide" start="0,-360" end="0" time="200" center="auto" tween="quadratic" easing="out" />
                    </animation>
                    <control type="image">
                        <top>70</top>
                        <left>395</left>
                        <height max="250">auto</height>
                        <width max="1130">auto</width>
                        <aspectratio>keep</aspectratio>
                        <align>center</align>
                        <aligny>bottom</aligny>
                        <texture background="true">$INFO[Window.Property(clearlogo)]</texture>
                        <visible>!String.IsEmpty(Window.Property(clearlogo))</visible>
                    </control>
                    <control type="label">
                        <top>200</top>
                        <width max="1920">auto</width>
                        <height>30</height>
                        <font>font60</font>
                        <textcolor>FFCCCCCC</textcolor>
                        <align>center</align>
                        <aligny>bottom</aligny>
                        <label>[B]$INFO[Window.Property(title)][/B]</label>
                        <visible>String.IsEmpty(Window.Property(clearlogo))</visible>
                    </control>
                </control>
            </control>
            <control type="group">
                <animation type="WindowOpen" reversible="false">
                    <effect type="fade" start="0" end="100" time="200" tween="sine" easing="in" />
                    <effect type="slide" start="0,500" end="0" time="200" center="auto" tween="quadratic" easing="out" />
                </animation>
                <top>520</top>
                <left>405</left>
                <control type="textbox">
                    <left>185</left>
                    <top>0</top>
                    <width>740</width>
                    <height>275</height>
                    <font>font12</font>
                    <align>center</align>
                    <textcolor>FFB7B4BB</textcolor>
                    <label>$INFO[Window.Property(text)]</label>
                </control>
            </control>
        </control>
    </controls>
</window>