<?xml version="1.0" encoding="UTF-8"?>
<window>
    <defaultcontrol always="true">10</defaultcontrol>
    <animation type="WindowOpen" reversible="false">
        <effect type="slide" start="0,-260" end="0,0" time="350" />
    </animation>
    <controls>
        <control type="group">
            <left>1208</left>
            <control type="image">
                <height>260</height>
                <width>712</width>
                <texture colordiffuse="FF000000">common/white.png</texture>
            </control>
            <control type="image">
                <left>5</left>
                <top>5</top>
                <height>239</height>
                <width>162</width>
                <aspectratio aligny="top">stretch</aspectratio>
                <texture>$INFO[Window.Property(poster)]</texture>
                    <animation effect="fade" start="100" end="75" time="0" tween="sine">WindowOpen</animation>
            </control>
            <control type="group">
                <left>162</left>
                <control type="image">
                    <top>5</top>
                    <left>10</left>
                    <height>250</height>
                    <width>535</width>
                    <aspectratio aligny="top">stretch</aspectratio>
                    <texture>$INFO[Window.Property(fanart)]</texture>
                    <animation effect="fade" start="100" end="30" time="0" tween="sine">WindowOpen</animation>
                </control>
                <control type="image">
                    <left>498</left>
                    <top>6</top>
                    <width>45</width>
                    <height>45</height>
                    <aspectratio aligny="top">keep</aspectratio>
                    <texture colordiffuse="BFCCCCCC">common/fen.png</texture>
                </control>
                <control type="group">
                    <control type="label">
                        <top>20</top>
                        <left>20</left>
                        <width>510</width>
                        <height>20</height>
                        <aligny>center</aligny>
                        <align>left</align>
                        <font>font14</font>
                        <textcolor>FFB7B4BB</textcolor>
                        <label>[B]$ADDON[plugin.video.fen 32811]... [COLOR $INFO[Window(10000).Property(fen.highlight)]]$INFO[Player.TimeRemaining()][/B][/COLOR]</label>
                    </control>
                    <control type="textbox">
                        <top>75</top>
                        <left>20</left>
                        <width>510</width>
                        <height>95</height>
                        <font>font10</font>
                        <align>left</align>
                        <aligny>center</aligny>
                        <textcolor>FFB7B4BB</textcolor>
                        <label>$INFO[Window.Property(next_episode)]</label>
                        <autoscroll>true</autoscroll>
                    </control>
                    <control type="grouplist">
                        <left>15</left>
                        <top>185</top>
                        <width>530</width>
                        <height>150</height>
                        <orientation>horizontal</orientation>
                        <itemgap>20</itemgap>
                        <usecontrolcoords>true</usecontrolcoords>
                        <control type="button" id="10">
                            <description>Close</description>
                            <animation effect="zoom" start="100" end="102" time="50" tween="sine" easing="inout" center="auto">Focus</animation>
                            <animation effect="zoom" start="102" end="100" time="50" tween="sine" easing="inout" center="auto">Unfocus</animation>
                            <width>160</width>
                            <height>45</height>
                            <onleft>12</onleft>
                            <onright>11</onright>
                            <label>$ADDON[plugin.video.fen 32614]</label>
                            <font>font10</font>
                            <textcolor>FFB7B4BB</textcolor>
                            <focusedcolor>FF302F2F</focusedcolor>
                            <texturefocus colordiffuse="'FFB7B4BB'">common/white.png</texturefocus>
                            <texturenofocus colordiffuse="FF4a4347">common/white.png</texturenofocus>
                            <align>center</align>
                        </control>
                        <control type="button" id="11">
                            <description>Play</description>
                            <animation effect="zoom" start="100" end="102" time="50" tween="sine" easing="inout" center="auto">Focus</animation>
                            <animation effect="zoom" start="102" end="100" time="50" tween="sine" easing="inout" center="auto">Unfocus</animation>
                            <width>160</width>
                            <height>45</height>
                            <onleft>10</onleft>
                            <onright>12</onright>
                            <label>$ADDON[plugin.video.fen 32764]</label>
                            <font>font10</font>
                            <textcolor>FFB7B4BB</textcolor>
                            <focusedcolor>FF302F2F</focusedcolor>
                            <texturefocus colordiffuse="'FFB7B4BB'">common/white.png</texturefocus>
                            <texturenofocus colordiffuse="FF4a4347">common/white.png</texturenofocus>
                            <align>center</align>
                        </control>
                        <control type="button" id="12">
                            <description>Cancel</description>
                            <animation effect="zoom" start="100" end="102" time="50" tween="sine" easing="inout" center="auto">Focus</animation>
                            <animation effect="zoom" start="102" end="100" time="50" tween="sine" easing="inout" center="auto">Unfocus</animation>
                            <width>160</width>
                            <height>45</height>
                            <onleft>11</onleft>
                            <onright>10</onright>
                            <label>$ADDON[plugin.video.fen 32840]</label>
                            <font>font10</font>
                            <textcolor>FFB7B4BB</textcolor>
                            <focusedcolor>FF302F2F</focusedcolor>
                            <texturefocus colordiffuse="'FFB7B4BB'">common/white.png</texturefocus>
                            <texturenofocus colordiffuse="FF4a4347">common/white.png</texturenofocus>
                            <align>center</align>
                        </control>
                    </control>
                </control>
            </control>
            <control type="progress" id="5000">
                <description>Progressbar</description>
                <top>242</top>
                <left>5</left>
                <width>700</width>
                <height>17</height>
                <reveal>true</reveal>
            </control>
        </control>
    </controls>
</window>
