<dir>
	<title>My lists</title>
	<trakt>https://api.trakt.tv/users/me/lists/</trakt>
</dir>

<dir>
	<title>My Liked Lists</title>
	<trakt>https://api.trakt.tv/users/likes/lists</trakt>
</dir>

<dir>
	<title>Reddit Top 250 (2019 Edition)</title>
	<link>trakt/lists/6544049</link>
</dir>

<dir>
	<title>Rotten Tomatoes: Best of 2017</title>
	<trakt>https://api.trakt.tv/users/lish408/lists/rotten-tomatoes-best-of-2017/items</trakt>
</dir>

<dir>
	<title>TMDB List: Animal Kingdom</title>
	<tmdb>list/13488</tmdb>
</dir>

<dir>
	<title>Shan Animated</title>
	<tmdb>list/32947</tmdb>
</dir>

<dir>
    <title>trakt list</title>
    <link>trakt/list/best-mindfucks</link>
</dir>
