<?xml version="1.0" encoding="UTF-8" standalone="yes"?>
<addon id="plugin.program.vwizard" name="[COLOR orange]V Matrix Wizard[/COLOR]" version="1.0.5" provider-name="VanceRepo">
    <requires>
        <import addon="xbmc.python" version="3.0.0" />
        <import addon="script.module.requests" version="2" />
        <import addon="script.module.six" version="1" />
        <import addon="script.kodi.android.update" optional="true" version="1.1.7" />
        <import addon="script.speedtester" optional="true" version="1.1.2" />
    </requires>
    
    <extension point="xbmc.python.pluginsource" library="default.py">
        <provides>executable</provides>
    </extension>
    
    <!--<extension point="xbmc.service" library="startup.py" start="startup" />-->
    
    <extension point="xbmc.addon.metadata">
        <summary lang="en">[COLOR orange]V[/COLOR]Matrix Wizard</summary>
        <description lang="en">[COLOR Orange]V[/COLOR]Matrix Wizard offers many maintenance features, selective add-on data saving, and automated build installs.</description>
        <platform>all</platform>
        <reuselanguageinvoker>false</reuselanguageinvoker>
        <assets>
            <icon>icon.png</icon>
            <fanart></fanart>
        </assets>
    </extension>
</addon>
