<?xml version="1.0" encoding="UTF-8" standalone="yes"?>
<addon id="plugin.program.vwizard" name="[COLOR orange]VWizard[/COLOR]" version="1.0.2" provider-name="VanceRepo">
    <requires>
        <import addon="xbmc.python" version="3.0.0" />
        <import addon="script.module.requests" />
        <import addon="script.module.six" />
        <import addon="script.kodi.android.update" optional="true" version="1.1.7" />
        <import addon="script.speedtester" optional="true" version="1.1.2" />
    </requires>
    
    <extension point="xbmc.python.pluginsource" library="default.py">
        <provides>executable</provides>
    </extension>
    
    <extension point="xbmc.service" library="startup.py" start="startup" />
    
    <extension point="xbmc.addon.metadata">
        <summary lang="en">[COLOR orange]VWizard[/COLOR]</summary>
        <description lang="en">[COLOR orange]VWizard[/COLOR] is for the use of creating and loading personal builds.</description>
        <platform>all</platform>
        <reuselanguageinvoker>false</reuselanguageinvoker>
        <source>https://www.github.com/a4k-openproject/plugin.program.openwizard/</source>
        <news>
1.0.1
 - Changed artwork and builds file.
1.0.0
 - Initial Commit
        </news>
        <assets>
            <icon>icon.png</icon>
            <fanart></fanart>
        </assets>
    </extension>
</addon>
