<?xml version="1.0" encoding="UTF-8" standalone="yes"?>
<addon id="repository.vrepo" name="Vance's Repo" version="1.1" provider-name="VanceRepo">
    <extension point="xbmc.addon.repository" name="Vance's Repo">
        <dir>
            <info compressed="false">https://raw.githubusercontent.com/VanceRepo/repository.vrepo/master/repo/zips/addons.xml</info>
            <checksum>https://raw.githubusercontent.com/VanceRepo/repository.vrepo/master/repo/zips/addons.xml.md5</checksum>
            <datadir zip="true">https://raw.githubusercontent.com/VanceRepo/repository.vrepo/master/repo/zips/</datadir>
        </dir>
    </extension>
    <extension point="xbmc.addon.metadata">
        <summary>Vance's Repo</summary>
        <description>For hosting personal builds.</description>
        <disclaimer></disclaimer>
        <platform>all</platform>
        <assets>
            <icon>icon.png</icon>
            <fanart>fanart.jpg</fanart>
        </assets>
    </extension>
</addon>